shot_id,section,tc_est,hold_seconds_est,prompt,negative_prompt,aspect_ratio,seed_group,notes,status,output_url
01,1 Cold open,0:00,40,"a wide gravel plain under a hazy white sky, a low bare granite mountain at the far edge, heat shimmer, completely empty, extreme wide, early afternoon, no people at all, cinematic still, anamorphic 35mm, shallow depth of field, warm low-angle desert light, airborne dust catching the sun, muted earth palette of ochre sand bone and oxidised brass with deep indigo shadow, soft natural film grain, high dynamic range, restrained painterly photographic realism, historically grounded 7th-century Hijaz, no text, no arabic script, no calligraphy, no lettering, no watermark","text, letters, arabic script, calligraphy, pseudo-arabic, numerals, signage, watermark, logo, human face, portrait, figure in foreground, prophet, religious figure, halo, glowing person, statue, idol, crucifix, modern clothing, wristwatch, plastic, eyeglasses, power lines, vehicles, anachronistic architecture, extra fingers, deformed hands, cartoon, anime, neon, oversaturated, HDR halo, lens flare, crowd, tents, people",16:9,plain,Matched pair with 48 — same seed,,
02,1 Cold open,0:10,45,"very high aerial of an immense anonymous crowd on a gravel plain, figures reduced to a texture of white and earth-toned cloth, no individual person discernible, dust haze, bare granite hill at the far edge, cinematic still, anamorphic 35mm, shallow depth of field, warm low-angle desert light, airborne dust catching the sun, muted earth palette of ochre sand bone and oxidised brass with deep indigo shadow, soft natural film grain, high dynamic range, restrained painterly photographic realism, historically grounded 7th-century Hijaz, no text, no arabic script, no calligraphy, no lettering, no watermark","text, letters, arabic script, calligraphy, pseudo-arabic, numerals, signage, watermark, logo, human face, portrait, figure in foreground, prophet, religious figure, halo, glowing person, statue, idol, crucifix, modern clothing, wristwatch, plastic, eyeglasses, power lines, vehicles, anachronistic architecture, extra fingers, deformed hands, cartoon, anime, neon, oversaturated, HDR halo, lens flare, modern hajj, white ihram towels, modern tents, air-conditioned tent city, jamarat bridge, skyscrapers, clock tower, paved roads, crowd barriers",16:9,,HIGHEST DRIFT RISK. Push altitude until no face resolves at 100% zoom. Regenerate rather than crop.,,
03,1 Cold open,0:20,35,"ground-level macro of sunlit gravel and cracked dry earth, a few scattered pebbles, extreme shallow focus, cinematic still, anamorphic 35mm, shallow depth of field, warm low-angle desert light, airborne dust catching the sun, muted earth palette of ochre sand bone and oxidised brass with deep indigo shadow, soft natural film grain, high dynamic range, restrained painterly photographic realism, historically grounded 7th-century Hijaz, no text, no arabic script, no calligraphy, no lettering, no watermark","text, letters, arabic script, calligraphy, pseudo-arabic, numerals, signage, watermark, logo, human face, portrait, figure in foreground, prophet, religious figure, halo, glowing person, statue, idol, crucifix, modern clothing, wristwatch, plastic, eyeglasses, power lines, vehicles, anachronistic architecture, extra fingers, deformed hands, cartoon, anime, neon, oversaturated, HDR halo, lens flare",16:9,,,,
04,1 Cold open,0:30,40,"a bare granite mountain face at the edge of a plain, harsh midday light, deep shadow in the fissures, no people, cinematic still, anamorphic 35mm, shallow depth of field, warm low-angle desert light, airborne dust catching the sun, muted earth palette of ochre sand bone and oxidised brass with deep indigo shadow, soft natural film grain, high dynamic range, restrained painterly photographic realism, historically grounded 7th-century Hijaz, no text, no arabic script, no calligraphy, no lettering, no watermark","text, letters, arabic script, calligraphy, pseudo-arabic, numerals, signage, watermark, logo, human face, portrait, figure in foreground, prophet, religious figure, halo, glowing person, statue, idol, crucifix, modern clothing, wristwatch, plastic, eyeglasses, power lines, vehicles, anachronistic architecture, extra fingers, deformed hands, cartoon, anime, neon, oversaturated, HDR halo, lens flare",16:9,,,,
05,1 Cold open,0:42,35,"a single worn goat-hair tent rope staked into gravel, taut, trembling in wind, low sun behind it, cinematic still, anamorphic 35mm, shallow depth of field, warm low-angle desert light, airborne dust catching the sun, muted earth palette of ochre sand bone and oxidised brass with deep indigo shadow, soft natural film grain, high dynamic range, restrained painterly photographic realism, historically grounded 7th-century Hijaz, no text, no arabic script, no calligraphy, no lettering, no watermark","text, letters, arabic script, calligraphy, pseudo-arabic, numerals, signage, watermark, logo, human face, portrait, figure in foreground, prophet, religious figure, halo, glowing person, statue, idol, crucifix, modern clothing, wristwatch, plastic, eyeglasses, power lines, vehicles, anachronistic architecture, extra fingers, deformed hands, cartoon, anime, neon, oversaturated, HDR halo, lens flare",16:9,,,,
06,1 Cold open,0:50,40,"aerial at dusk of a wide valley emptying of people, long shadows, scattered small cooking fires beginning, no resolvable figures, cinematic still, anamorphic 35mm, shallow depth of field, warm low-angle desert light, airborne dust catching the sun, muted earth palette of ochre sand bone and oxidised brass with deep indigo shadow, soft natural film grain, high dynamic range, restrained painterly photographic realism, historically grounded 7th-century Hijaz, no text, no arabic script, no calligraphy, no lettering, no watermark","text, letters, arabic script, calligraphy, pseudo-arabic, numerals, signage, watermark, logo, human face, portrait, figure in foreground, prophet, religious figure, halo, glowing person, statue, idol, crucifix, modern clothing, wristwatch, plastic, eyeglasses, power lines, vehicles, anachronistic architecture, extra fingers, deformed hands, cartoon, anime, neon, oversaturated, HDR halo, lens flare, modern hajj, modern tents",16:9,,,,
07,2 Riba root,1:00,40,"macro of dry cracked earth, no vegetation, cool pre-rain light, plate-like fissures lifting at the edges, cinematic still, anamorphic 35mm, shallow depth of field, warm low-angle desert light, airborne dust catching the sun, muted earth palette of ochre sand bone and oxidised brass with deep indigo shadow, soft natural film grain, high dynamic range, restrained painterly photographic realism, historically grounded 7th-century Hijaz, no text, no arabic script, no calligraphy, no lettering, no watermark","text, letters, arabic script, calligraphy, pseudo-arabic, numerals, signage, watermark, logo, human face, portrait, figure in foreground, prophet, religious figure, halo, glowing person, statue, idol, crucifix, modern clothing, wristwatch, plastic, eyeglasses, power lines, vehicles, anachronistic architecture, extra fingers, deformed hands, cartoon, anime, neon, oversaturated, HDR halo, lens flare",16:9,rain,"PAIR WITH 8 — same seed, same framing. The riba root made visible.",,
08,2 Riba root,1:12,50,"the same cracked earth after heavy rain, dark and saturated, the surface visibly swollen and lifting, first green shoots breaking through, water beading on the soil, cinematic still, anamorphic 35mm, shallow depth of field, warm low-angle desert light, airborne dust catching the sun, muted earth palette of ochre sand bone and oxidised brass with deep indigo shadow, soft natural film grain, high dynamic range, restrained painterly photographic realism, historically grounded 7th-century Hijaz, no text, no arabic script, no calligraphy, no lettering, no watermark","text, letters, arabic script, calligraphy, pseudo-arabic, numerals, signage, watermark, logo, human face, portrait, figure in foreground, prophet, religious figure, halo, glowing person, statue, idol, crucifix, modern clothing, wristwatch, plastic, eyeglasses, power lines, vehicles, anachronistic architecture, extra fingers, deformed hands, cartoon, anime, neon, oversaturated, HDR halo, lens flare",16:9,rain,PAIR WITH 7. Hold this one long.,,
09,2 Riba root,1:25,35,"a low green hill rising out of flat dry ground after rain, wet grass catching light, dramatic sky, cinematic still, anamorphic 35mm, shallow depth of field, warm low-angle desert light, airborne dust catching the sun, muted earth palette of ochre sand bone and oxidised brass with deep indigo shadow, soft natural film grain, high dynamic range, restrained painterly photographic realism, historically grounded 7th-century Hijaz, no text, no arabic script, no calligraphy, no lettering, no watermark","text, letters, arabic script, calligraphy, pseudo-arabic, numerals, signage, watermark, logo, human face, portrait, figure in foreground, prophet, religious figure, halo, glowing person, statue, idol, crucifix, modern clothing, wristwatch, plastic, eyeglasses, power lines, vehicles, anachronistic architecture, extra fingers, deformed hands, cartoon, anime, neon, oversaturated, HDR halo, lens flare",16:9,,,,
10,2 Riba root,1:40,25,"extreme macro of a seed head swelling on a stalk against a blown-out white sky, cinematic still, anamorphic 35mm, shallow depth of field, warm low-angle desert light, airborne dust catching the sun, muted earth palette of ochre sand bone and oxidised brass with deep indigo shadow, soft natural film grain, high dynamic range, restrained painterly photographic realism, historically grounded 7th-century Hijaz, no text, no arabic script, no calligraphy, no lettering, no watermark","text, letters, arabic script, calligraphy, pseudo-arabic, numerals, signage, watermark, logo, human face, portrait, figure in foreground, prophet, religious figure, halo, glowing person, statue, idol, crucifix, modern clothing, wristwatch, plastic, eyeglasses, power lines, vehicles, anachronistic architecture, extra fingers, deformed hands, cartoon, anime, neon, oversaturated, HDR halo, lens flare",16:9,,,,
11,3 Contrast,1:55,35,"weathered stone counter in a narrow shaded street of mud-brick and palm-timber, hanging woven cloth, dust in shafts of light, a set of small brass balance scales, plain silver coin blanks in one pan, cinematic still, anamorphic 35mm, shallow depth of field, warm low-angle desert light, airborne dust catching the sun, muted earth palette of ochre sand bone and oxidised brass with deep indigo shadow, soft natural film grain, high dynamic range, restrained painterly photographic realism, historically grounded 7th-century Hijaz, no text, no arabic script, no calligraphy, no lettering, no watermark","text, letters, arabic script, calligraphy, pseudo-arabic, numerals, signage, watermark, logo, human face, portrait, figure in foreground, prophet, religious figure, halo, glowing person, statue, idol, crucifix, modern clothing, wristwatch, plastic, eyeglasses, power lines, vehicles, anachronistic architecture, extra fingers, deformed hands, cartoon, anime, neon, oversaturated, HDR halo, lens flare, stamped coins, minted design, portrait on coin, engraved currency, roman emperor bust",16:9,coins,Models stamp faces on coins. Verify blank.,,
12,3 Contrast,2:15,35,"close-up of a brass balance tipping hard to one side, the light pan lifted high, deep shadow behind, cinematic still, anamorphic 35mm, shallow depth of field, warm low-angle desert light, airborne dust catching the sun, muted earth palette of ochre sand bone and oxidised brass with deep indigo shadow, soft natural film grain, high dynamic range, restrained painterly photographic realism, historically grounded 7th-century Hijaz, no text, no arabic script, no calligraphy, no lettering, no watermark","text, letters, arabic script, calligraphy, pseudo-arabic, numerals, signage, watermark, logo, human face, portrait, figure in foreground, prophet, religious figure, halo, glowing person, statue, idol, crucifix, modern clothing, wristwatch, plastic, eyeglasses, power lines, vehicles, anachronistic architecture, extra fingers, deformed hands, cartoon, anime, neon, oversaturated, HDR halo, lens flare, stamped coins, minted design",16:9,coins,,,
13,3 Contrast,2:30,35,"two piles of identical plain silver coin blanks on dark wood, one small and one enormous, hard side light, cinematic still, anamorphic 35mm, shallow depth of field, warm low-angle desert light, airborne dust catching the sun, muted earth palette of ochre sand bone and oxidised brass with deep indigo shadow, soft natural film grain, high dynamic range, restrained painterly photographic realism, historically grounded 7th-century Hijaz, no text, no arabic script, no calligraphy, no lettering, no watermark","text, letters, arabic script, calligraphy, pseudo-arabic, numerals, signage, watermark, logo, human face, portrait, figure in foreground, prophet, religious figure, halo, glowing person, statue, idol, crucifix, modern clothing, wristwatch, plastic, eyeglasses, power lines, vehicles, anachronistic architecture, extra fingers, deformed hands, cartoon, anime, neon, oversaturated, HDR halo, lens flare, stamped coins, minted design, portrait on coin",16:9,coins,The doubling. Exaggerate the size gap.,,
14,4 Guardrail,2:50,40,"empty stone room with a single high window, one shaft of dusty light falling on the floor, nothing else in frame, cinematic still, anamorphic 35mm, shallow depth of field, warm low-angle desert light, airborne dust catching the sun, muted earth palette of ochre sand bone and oxidised brass with deep indigo shadow, soft natural film grain, high dynamic range, restrained painterly photographic realism, historically grounded 7th-century Hijaz, no text, no arabic script, no calligraphy, no lettering, no watermark","text, letters, arabic script, calligraphy, pseudo-arabic, numerals, signage, watermark, logo, human face, portrait, figure in foreground, prophet, religious figure, halo, glowing person, statue, idol, crucifix, modern clothing, wristwatch, plastic, eyeglasses, power lines, vehicles, anachronistic architecture, extra fingers, deformed hands, cartoon, anime, neon, oversaturated, HDR halo, lens flare",16:9,,,,
15,5 Longest verse,3:25,40,"overhead of a thick stack of blank cream parchment leaves on a wooden lectern, uneven edges, warm lamplight, no writing of any kind on any leaf, cinematic still, anamorphic 35mm, shallow depth of field, warm low-angle desert light, airborne dust catching the sun, muted earth palette of ochre sand bone and oxidised brass with deep indigo shadow, soft natural film grain, high dynamic range, restrained painterly photographic realism, historically grounded 7th-century Hijaz, no text, no arabic script, no calligraphy, no lettering, no watermark","text, letters, arabic script, calligraphy, pseudo-arabic, numerals, signage, watermark, logo, human face, portrait, figure in foreground, prophet, religious figure, halo, glowing person, statue, idol, crucifix, modern clothing, wristwatch, plastic, eyeglasses, power lines, vehicles, anachronistic architecture, extra fingers, deformed hands, cartoon, anime, neon, oversaturated, HDR halo, lens flare, script, writing, ink marks, manuscript text",16:9,paper,Blank is the whole point.,,
16,5 Longest verse,3:40,35,"extreme close-up of the gutter of an open blank codex, deep shadow in the fold, gilded edge catching light, cinematic still, anamorphic 35mm, shallow depth of field, warm low-angle desert light, airborne dust catching the sun, muted earth palette of ochre sand bone and oxidised brass with deep indigo shadow, soft natural film grain, high dynamic range, restrained painterly photographic realism, historically grounded 7th-century Hijaz, no text, no arabic script, no calligraphy, no lettering, no watermark","text, letters, arabic script, calligraphy, pseudo-arabic, numerals, signage, watermark, logo, human face, portrait, figure in foreground, prophet, religious figure, halo, glowing person, statue, idol, crucifix, modern clothing, wristwatch, plastic, eyeglasses, power lines, vehicles, anachronistic architecture, extra fingers, deformed hands, cartoon, anime, neon, oversaturated, HDR halo, lens flare, script, writing, ink marks",16:9,paper,,,
17,5 Longest verse,3:55,35,"a sheet of coarse pale papyrus on a low wooden board, a reed pen and a small clay ink pot beside it, surface left completely blank with no marks, shot top-down, reed pen resting across the blank sheet, clay ink pot half full, cinematic still, anamorphic 35mm, shallow depth of field, warm low-angle desert light, airborne dust catching the sun, muted earth palette of ochre sand bone and oxidised brass with deep indigo shadow, soft natural film grain, high dynamic range, restrained painterly photographic realism, historically grounded 7th-century Hijaz, no text, no arabic script, no calligraphy, no lettering, no watermark","text, letters, arabic script, calligraphy, pseudo-arabic, numerals, signage, watermark, logo, human face, portrait, figure in foreground, prophet, religious figure, halo, glowing person, statue, idol, crucifix, modern clothing, wristwatch, plastic, eyeglasses, power lines, vehicles, anachronistic architecture, extra fingers, deformed hands, cartoon, anime, neon, oversaturated, HDR halo, lens flare, script, writing, ink marks",16:9,paper,,,
18,6 Mechanics,4:15,35,"weathered sun-darkened hands, forearms in undyed coarse linen, no face and nothing above the chest in frame cutting a reed pen nib with a small blade, shallow focus, warm side light, cinematic still, anamorphic 35mm, shallow depth of field, warm low-angle desert light, airborne dust catching the sun, muted earth palette of ochre sand bone and oxidised brass with deep indigo shadow, soft natural film grain, high dynamic range, restrained painterly photographic realism, historically grounded 7th-century Hijaz, no text, no arabic script, no calligraphy, no lettering, no watermark","text, letters, arabic script, calligraphy, pseudo-arabic, numerals, signage, watermark, logo, human face, portrait, figure in foreground, prophet, religious figure, halo, glowing person, statue, idol, crucifix, modern clothing, wristwatch, plastic, eyeglasses, power lines, vehicles, anachronistic architecture, extra fingers, deformed hands, cartoon, anime, neon, oversaturated, HDR halo, lens flare",16:9,,,,
19,6 Mechanics,4:30,25,"weathered sun-darkened hands, forearms in undyed coarse linen, no face and nothing above the chest in frame holding a stoppered clay ink pot up to the light, the ink surface catching a highlight, cinematic still, anamorphic 35mm, shallow depth of field, warm low-angle desert light, airborne dust catching the sun, muted earth palette of ochre sand bone and oxidised brass with deep indigo shadow, soft natural film grain, high dynamic range, restrained painterly photographic realism, historically grounded 7th-century Hijaz, no text, no arabic script, no calligraphy, no lettering, no watermark","text, letters, arabic script, calligraphy, pseudo-arabic, numerals, signage, watermark, logo, human face, portrait, figure in foreground, prophet, religious figure, halo, glowing person, statue, idol, crucifix, modern clothing, wristwatch, plastic, eyeglasses, power lines, vehicles, anachronistic architecture, extra fingers, deformed hands, cartoon, anime, neon, oversaturated, HDR halo, lens flare",16:9,,,,
20,6 Mechanics,4:45,40,"two pairs of weathered sun-darkened hands, forearms in undyed coarse linen, no face and nothing above the chest in frame across a low table, one gesturing mid-speech, the other poised over a blank sheet with a reed pen, cinematic still, anamorphic 35mm, shallow depth of field, warm low-angle desert light, airborne dust catching the sun, muted earth palette of ochre sand bone and oxidised brass with deep indigo shadow, soft natural film grain, high dynamic range, restrained painterly photographic realism, historically grounded 7th-century Hijaz, no text, no arabic script, no calligraphy, no lettering, no watermark","text, letters, arabic script, calligraphy, pseudo-arabic, numerals, signage, watermark, logo, human face, portrait, figure in foreground, prophet, religious figure, halo, glowing person, statue, idol, crucifix, modern clothing, wristwatch, plastic, eyeglasses, power lines, vehicles, anachronistic architecture, extra fingers, deformed hands, cartoon, anime, neon, oversaturated, HDR halo, lens flare, script, writing, ink marks",16:9,paper,The debtor dictates. Gesturing hands must read as the speaker.,,
21,6 Mechanics,5:00,40,"wide of a narrow shaded street of mud-brick and palm-timber, hanging woven cloth, dust in shafts of light at midday with four anonymous distant figures standing in a loose circle, all far enough that no facial features resolve, cinematic still, anamorphic 35mm, shallow depth of field, warm low-angle desert light, airborne dust catching the sun, muted earth palette of ochre sand bone and oxidised brass with deep indigo shadow, soft natural film grain, high dynamic range, restrained painterly photographic realism, historically grounded 7th-century Hijaz, no text, no arabic script, no calligraphy, no lettering, no watermark","text, letters, arabic script, calligraphy, pseudo-arabic, numerals, signage, watermark, logo, human face, portrait, figure in foreground, prophet, religious figure, halo, glowing person, statue, idol, crucifix, modern clothing, wristwatch, plastic, eyeglasses, power lines, vehicles, anachronistic architecture, extra fingers, deformed hands, cartoon, anime, neon, oversaturated, HDR halo, lens flare, face, portrait, close figure",16:9,,,,
22,6 Mechanics,5:15,35,"a single blank sheet of papyrus weighted at four corners with small river stones, wind lifting one edge, cinematic still, anamorphic 35mm, shallow depth of field, warm low-angle desert light, airborne dust catching the sun, muted earth palette of ochre sand bone and oxidised brass with deep indigo shadow, soft natural film grain, high dynamic range, restrained painterly photographic realism, historically grounded 7th-century Hijaz, no text, no arabic script, no calligraphy, no lettering, no watermark","text, letters, arabic script, calligraphy, pseudo-arabic, numerals, signage, watermark, logo, human face, portrait, figure in foreground, prophet, religious figure, halo, glowing person, statue, idol, crucifix, modern clothing, wristwatch, plastic, eyeglasses, power lines, vehicles, anachronistic architecture, extra fingers, deformed hands, cartoon, anime, neon, oversaturated, HDR halo, lens flare, script, writing, ink marks",16:9,paper,,,
23,7 Centrepiece,5:35,40,"weathered sun-darkened hands, forearms in undyed coarse linen, no face and nothing above the chest in frame, empty, palms up and open, resting on a knee, worn and cracked, soft window light, cinematic still, anamorphic 35mm, shallow depth of field, warm low-angle desert light, airborne dust catching the sun, muted earth palette of ochre sand bone and oxidised brass with deep indigo shadow, soft natural film grain, high dynamic range, restrained painterly photographic realism, historically grounded 7th-century Hijaz, no text, no arabic script, no calligraphy, no lettering, no watermark","text, letters, arabic script, calligraphy, pseudo-arabic, numerals, signage, watermark, logo, human face, portrait, figure in foreground, prophet, religious figure, halo, glowing person, statue, idol, crucifix, modern clothing, wristwatch, plastic, eyeglasses, power lines, vehicles, anachronistic architecture, extra fingers, deformed hands, cartoon, anime, neon, oversaturated, HDR halo, lens flare",16:9,,,,
24,7 Centrepiece,5:50,40,"a doorway of a mud-brick house seen from inside, a long shadow falling across the threshold from outside, the person casting it entirely out of frame, cinematic still, anamorphic 35mm, shallow depth of field, warm low-angle desert light, airborne dust catching the sun, muted earth palette of ochre sand bone and oxidised brass with deep indigo shadow, soft natural film grain, high dynamic range, restrained painterly photographic realism, historically grounded 7th-century Hijaz, no text, no arabic script, no calligraphy, no lettering, no watermark","text, letters, arabic script, calligraphy, pseudo-arabic, numerals, signage, watermark, logo, human face, portrait, figure in foreground, prophet, religious figure, halo, glowing person, statue, idol, crucifix, modern clothing, wristwatch, plastic, eyeglasses, power lines, vehicles, anachronistic architecture, extra fingers, deformed hands, cartoon, anime, neon, oversaturated, HDR halo, lens flare",16:9,,,,
25,7 Centrepiece,6:10,35,"a rolled document tied with cord, held loosely in one hand at the side of the body, background out of focus, cinematic still, anamorphic 35mm, shallow depth of field, warm low-angle desert light, airborne dust catching the sun, muted earth palette of ochre sand bone and oxidised brass with deep indigo shadow, soft natural film grain, high dynamic range, restrained painterly photographic realism, historically grounded 7th-century Hijaz, no text, no arabic script, no calligraphy, no lettering, no watermark","text, letters, arabic script, calligraphy, pseudo-arabic, numerals, signage, watermark, logo, human face, portrait, figure in foreground, prophet, religious figure, halo, glowing person, statue, idol, crucifix, modern clothing, wristwatch, plastic, eyeglasses, power lines, vehicles, anachronistic architecture, extra fingers, deformed hands, cartoon, anime, neon, oversaturated, HDR halo, lens flare, script, writing",16:9,paper,,,
26,7 Centrepiece,6:30,35,"the same rolled document being set down on a table, the hand withdrawing, motion blur on the fingers, cinematic still, anamorphic 35mm, shallow depth of field, warm low-angle desert light, airborne dust catching the sun, muted earth palette of ochre sand bone and oxidised brass with deep indigo shadow, soft natural film grain, high dynamic range, restrained painterly photographic realism, historically grounded 7th-century Hijaz, no text, no arabic script, no calligraphy, no lettering, no watermark","text, letters, arabic script, calligraphy, pseudo-arabic, numerals, signage, watermark, logo, human face, portrait, figure in foreground, prophet, religious figure, halo, glowing person, statue, idol, crucifix, modern clothing, wristwatch, plastic, eyeglasses, power lines, vehicles, anachronistic architecture, extra fingers, deformed hands, cartoon, anime, neon, oversaturated, HDR halo, lens flare, script, writing",16:9,paper,"Follows 25 — same document, same seed.",,
27,8 Tension,6:50,35,"plain silver coins being counted back into an open palm, warm light, cinematic still, anamorphic 35mm, shallow depth of field, warm low-angle desert light, airborne dust catching the sun, muted earth palette of ochre sand bone and oxidised brass with deep indigo shadow, soft natural film grain, high dynamic range, restrained painterly photographic realism, historically grounded 7th-century Hijaz, no text, no arabic script, no calligraphy, no lettering, no watermark","text, letters, arabic script, calligraphy, pseudo-arabic, numerals, signage, watermark, logo, human face, portrait, figure in foreground, prophet, religious figure, halo, glowing person, statue, idol, crucifix, modern clothing, wristwatch, plastic, eyeglasses, power lines, vehicles, anachronistic architecture, extra fingers, deformed hands, cartoon, anime, neon, oversaturated, HDR halo, lens flare, stamped coins, minted design, portrait on coin",16:9,coins,The principal returns.,,
28,8 Tension,7:15,40,"a perfectly level brass balance, both pans equal and centred, clean symmetrical composition, dark background, cinematic still, anamorphic 35mm, shallow depth of field, warm low-angle desert light, airborne dust catching the sun, muted earth palette of ochre sand bone and oxidised brass with deep indigo shadow, soft natural film grain, high dynamic range, restrained painterly photographic realism, historically grounded 7th-century Hijaz, no text, no arabic script, no calligraphy, no lettering, no watermark","text, letters, arabic script, calligraphy, pseudo-arabic, numerals, signage, watermark, logo, human face, portrait, figure in foreground, prophet, religious figure, halo, glowing person, statue, idol, crucifix, modern clothing, wristwatch, plastic, eyeglasses, power lines, vehicles, anachronistic architecture, extra fingers, deformed hands, cartoon, anime, neon, oversaturated, HDR halo, lens flare, stamped coins",16:9,coins,La tazlimuna wa la tuzlamun. Symmetry is the meaning.,,
29,9 Anchor,7:40,40,"rain falling on dry ground in low golden light, backlit droplets, the earth darkening in patches, cinematic still, anamorphic 35mm, shallow depth of field, warm low-angle desert light, airborne dust catching the sun, muted earth palette of ochre sand bone and oxidised brass with deep indigo shadow, soft natural film grain, high dynamic range, restrained painterly photographic realism, historically grounded 7th-century Hijaz, no text, no arabic script, no calligraphy, no lettering, no watermark","text, letters, arabic script, calligraphy, pseudo-arabic, numerals, signage, watermark, logo, human face, portrait, figure in foreground, prophet, religious figure, halo, glowing person, statue, idol, crucifix, modern clothing, wristwatch, plastic, eyeglasses, power lines, vehicles, anachronistic architecture, extra fingers, deformed hands, cartoon, anime, neon, oversaturated, HDR halo, lens flare",16:9,rain,,,
30,9 Anchor,8:00,35,"macro of a young shoot pushing up through cracked earth, dew on it, very shallow focus, cinematic still, anamorphic 35mm, shallow depth of field, warm low-angle desert light, airborne dust catching the sun, muted earth palette of ochre sand bone and oxidised brass with deep indigo shadow, soft natural film grain, high dynamic range, restrained painterly photographic realism, historically grounded 7th-century Hijaz, no text, no arabic script, no calligraphy, no lettering, no watermark","text, letters, arabic script, calligraphy, pseudo-arabic, numerals, signage, watermark, logo, human face, portrait, figure in foreground, prophet, religious figure, halo, glowing person, statue, idol, crucifix, modern clothing, wristwatch, plastic, eyeglasses, power lines, vehicles, anachronistic architecture, extra fingers, deformed hands, cartoon, anime, neon, oversaturated, HDR halo, lens flare",16:9,rain,,,
31,10 Institution,8:35,45,"eight identical small clay bowls arranged in a row on a stone ledge, each holding a different amount of grain, shot top-down, cinematic still, anamorphic 35mm, shallow depth of field, warm low-angle desert light, airborne dust catching the sun, muted earth palette of ochre sand bone and oxidised brass with deep indigo shadow, soft natural film grain, high dynamic range, restrained painterly photographic realism, historically grounded 7th-century Hijaz, no text, no arabic script, no calligraphy, no lettering, no watermark","text, letters, arabic script, calligraphy, pseudo-arabic, numerals, signage, watermark, logo, human face, portrait, figure in foreground, prophet, religious figure, halo, glowing person, statue, idol, crucifix, modern clothing, wristwatch, plastic, eyeglasses, power lines, vehicles, anachronistic architecture, extra fingers, deformed hands, cartoon, anime, neon, oversaturated, HDR halo, lens flare, seven bowls, nine bowls",16:9,,EIGHT bowls exactly — the zakat categories. Count them. Reused in section 22.,,
32,10 Institution,9:00,35,"a coarse woven sack of grain, mouth open, tipped slightly, grain spilling onto a stone floor, cinematic still, anamorphic 35mm, shallow depth of field, warm low-angle desert light, airborne dust catching the sun, muted earth palette of ochre sand bone and oxidised brass with deep indigo shadow, soft natural film grain, high dynamic range, restrained painterly photographic realism, historically grounded 7th-century Hijaz, no text, no arabic script, no calligraphy, no lettering, no watermark","text, letters, arabic script, calligraphy, pseudo-arabic, numerals, signage, watermark, logo, human face, portrait, figure in foreground, prophet, religious figure, halo, glowing person, statue, idol, crucifix, modern clothing, wristwatch, plastic, eyeglasses, power lines, vehicles, anachronistic architecture, extra fingers, deformed hands, cartoon, anime, neon, oversaturated, HDR halo, lens flare",16:9,,,,
33,10 Institution,9:20,35,"macro of a heavy iron chain link resting on stone, rust and pitting, one link catching the light, cinematic still, anamorphic 35mm, shallow depth of field, warm low-angle desert light, airborne dust catching the sun, muted earth palette of ochre sand bone and oxidised brass with deep indigo shadow, soft natural film grain, high dynamic range, restrained painterly photographic realism, historically grounded 7th-century Hijaz, no text, no arabic script, no calligraphy, no lettering, no watermark","text, letters, arabic script, calligraphy, pseudo-arabic, numerals, signage, watermark, logo, human face, portrait, figure in foreground, prophet, religious figure, halo, glowing person, statue, idol, crucifix, modern clothing, wristwatch, plastic, eyeglasses, power lines, vehicles, anachronistic architecture, extra fingers, deformed hands, cartoon, anime, neon, oversaturated, HDR halo, lens flare, full chain, shackles, prisoner",16:9,,"Gharam = clinging. One link, not a chain.",,
34,11 Rigour,9:45,35,"a closed wooden door with heavy iron fittings, seen straight on, hard shadow, nobody present, cinematic still, anamorphic 35mm, shallow depth of field, warm low-angle desert light, airborne dust catching the sun, muted earth palette of ochre sand bone and oxidised brass with deep indigo shadow, soft natural film grain, high dynamic range, restrained painterly photographic realism, historically grounded 7th-century Hijaz, no text, no arabic script, no calligraphy, no lettering, no watermark","text, letters, arabic script, calligraphy, pseudo-arabic, numerals, signage, watermark, logo, human face, portrait, figure in foreground, prophet, religious figure, halo, glowing person, statue, idol, crucifix, modern clothing, wristwatch, plastic, eyeglasses, power lines, vehicles, anachronistic architecture, extra fingers, deformed hands, cartoon, anime, neon, oversaturated, HDR halo, lens flare",16:9,,,,
35,13 Staircase,11:00,40,"a stone stairway descending into shadow inside a mud-brick building, each step worn hollow in the centre, cinematic still, anamorphic 35mm, shallow depth of field, warm low-angle desert light, airborne dust catching the sun, muted earth palette of ochre sand bone and oxidised brass with deep indigo shadow, soft natural film grain, high dynamic range, restrained painterly photographic realism, historically grounded 7th-century Hijaz, no text, no arabic script, no calligraphy, no lettering, no watermark","text, letters, arabic script, calligraphy, pseudo-arabic, numerals, signage, watermark, logo, human face, portrait, figure in foreground, prophet, religious figure, halo, glowing person, statue, idol, crucifix, modern clothing, wristwatch, plastic, eyeglasses, power lines, vehicles, anachronistic architecture, extra fingers, deformed hands, cartoon, anime, neon, oversaturated, HDR halo, lens flare",16:9,,,,
36,13 Staircase,11:20,40,"a camel caravan silhouetted at great distance on a dune ridge at sunset, tiny in frame, no detail resolvable, cinematic still, anamorphic 35mm, shallow depth of field, warm low-angle desert light, airborne dust catching the sun, muted earth palette of ochre sand bone and oxidised brass with deep indigo shadow, soft natural film grain, high dynamic range, restrained painterly photographic realism, historically grounded 7th-century Hijaz, no text, no arabic script, no calligraphy, no lettering, no watermark","text, letters, arabic script, calligraphy, pseudo-arabic, numerals, signage, watermark, logo, human face, portrait, figure in foreground, prophet, religious figure, halo, glowing person, statue, idol, crucifix, modern clothing, wristwatch, plastic, eyeglasses, power lines, vehicles, anachronistic architecture, extra fingers, deformed hands, cartoon, anime, neon, oversaturated, HDR halo, lens flare, close camel, rider face",16:9,,,,
37,13 Staircase,11:40,35,"weathered sun-darkened hands, forearms in undyed coarse linen, no face and nothing above the chest in frame passing a small object, a ring or a folded cloth, across a saddle blanket, extreme close-up, cinematic still, anamorphic 35mm, shallow depth of field, warm low-angle desert light, airborne dust catching the sun, muted earth palette of ochre sand bone and oxidised brass with deep indigo shadow, soft natural film grain, high dynamic range, restrained painterly photographic realism, historically grounded 7th-century Hijaz, no text, no arabic script, no calligraphy, no lettering, no watermark","text, letters, arabic script, calligraphy, pseudo-arabic, numerals, signage, watermark, logo, human face, portrait, figure in foreground, prophet, religious figure, halo, glowing person, statue, idol, crucifix, modern clothing, wristwatch, plastic, eyeglasses, power lines, vehicles, anachronistic architecture, extra fingers, deformed hands, cartoon, anime, neon, oversaturated, HDR halo, lens flare",16:9,,,,
38,13 Staircase,12:00,40,"a single oil lamp burning on a stone sill at night, town rooftops in blue darkness beyond, cinematic still, anamorphic 35mm, shallow depth of field, warm low-angle desert light, airborne dust catching the sun, muted earth palette of ochre sand bone and oxidised brass with deep indigo shadow, soft natural film grain, high dynamic range, restrained painterly photographic realism, historically grounded 7th-century Hijaz, no text, no arabic script, no calligraphy, no lettering, no watermark","text, letters, arabic script, calligraphy, pseudo-arabic, numerals, signage, watermark, logo, human face, portrait, figure in foreground, prophet, religious figure, halo, glowing person, statue, idol, crucifix, modern clothing, wristwatch, plastic, eyeglasses, power lines, vehicles, anachronistic architecture, extra fingers, deformed hands, cartoon, anime, neon, oversaturated, HDR halo, lens flare",16:9,,,,
39,14 Small things,12:30,35,"two long shadows of standing figures cast across pale stone paving, the figures themselves entirely out of frame, cinematic still, anamorphic 35mm, shallow depth of field, warm low-angle desert light, airborne dust catching the sun, muted earth palette of ochre sand bone and oxidised brass with deep indigo shadow, soft natural film grain, high dynamic range, restrained painterly photographic realism, historically grounded 7th-century Hijaz, no text, no arabic script, no calligraphy, no lettering, no watermark","text, letters, arabic script, calligraphy, pseudo-arabic, numerals, signage, watermark, logo, human face, portrait, figure in foreground, prophet, religious figure, halo, glowing person, statue, idol, crucifix, modern clothing, wristwatch, plastic, eyeglasses, power lines, vehicles, anachronistic architecture, extra fingers, deformed hands, cartoon, anime, neon, oversaturated, HDR halo, lens flare",16:9,,,,
40,14 Small things,13:00,25,"plain coins passing over a market counter mid-exchange, motion blur, weathered sun-darkened hands, forearms in undyed coarse linen, no face and nothing above the chest in frame only, cinematic still, anamorphic 35mm, shallow depth of field, warm low-angle desert light, airborne dust catching the sun, muted earth palette of ochre sand bone and oxidised brass with deep indigo shadow, soft natural film grain, high dynamic range, restrained painterly photographic realism, historically grounded 7th-century Hijaz, no text, no arabic script, no calligraphy, no lettering, no watermark","text, letters, arabic script, calligraphy, pseudo-arabic, numerals, signage, watermark, logo, human face, portrait, figure in foreground, prophet, religious figure, halo, glowing person, statue, idol, crucifix, modern clothing, wristwatch, plastic, eyeglasses, power lines, vehicles, anachronistic architecture, extra fingers, deformed hands, cartoon, anime, neon, oversaturated, HDR halo, lens flare, stamped coins, minted design",16:9,coins,Immediate trade — needs to read as fast.,,
41,14 Small things,13:30,35,"a very small pile of copper coins alone on a vast empty wooden table, wide shot, emphasising the emptiness around them, cinematic still, anamorphic 35mm, shallow depth of field, warm low-angle desert light, airborne dust catching the sun, muted earth palette of ochre sand bone and oxidised brass with deep indigo shadow, soft natural film grain, high dynamic range, restrained painterly photographic realism, historically grounded 7th-century Hijaz, no text, no arabic script, no calligraphy, no lettering, no watermark","text, letters, arabic script, calligraphy, pseudo-arabic, numerals, signage, watermark, logo, human face, portrait, figure in foreground, prophet, religious figure, halo, glowing person, statue, idol, crucifix, modern clothing, wristwatch, plastic, eyeglasses, power lines, vehicles, anachronistic architecture, extra fingers, deformed hands, cartoon, anime, neon, oversaturated, HDR halo, lens flare, stamped coins",16:9,coins,Small or large. The smallness is the point.,,
42,14 Small things,14:10,40,"an unrolled prayer mat in an empty room at pre-dawn, no person, blue light through a high window, cinematic still, anamorphic 35mm, shallow depth of field, warm low-angle desert light, airborne dust catching the sun, muted earth palette of ochre sand bone and oxidised brass with deep indigo shadow, soft natural film grain, high dynamic range, restrained painterly photographic realism, historically grounded 7th-century Hijaz, no text, no arabic script, no calligraphy, no lettering, no watermark","text, letters, arabic script, calligraphy, pseudo-arabic, numerals, signage, watermark, logo, human face, portrait, figure in foreground, prophet, religious figure, halo, glowing person, statue, idol, crucifix, modern clothing, wristwatch, plastic, eyeglasses, power lines, vehicles, anachronistic architecture, extra fingers, deformed hands, cartoon, anime, neon, oversaturated, HDR halo, lens flare, person praying, figure, kneeling man",16:9,,,,
43,15 Counterweight,15:00,40,"a freshly dug grave plot marked with two plain unmarked stones, dawn light, no people, cinematic still, anamorphic 35mm, shallow depth of field, warm low-angle desert light, airborne dust catching the sun, muted earth palette of ochre sand bone and oxidised brass with deep indigo shadow, soft natural film grain, high dynamic range, restrained painterly photographic realism, historically grounded 7th-century Hijaz, no text, no arabic script, no calligraphy, no lettering, no watermark","text, letters, arabic script, calligraphy, pseudo-arabic, numerals, signage, watermark, logo, human face, portrait, figure in foreground, prophet, religious figure, halo, glowing person, statue, idol, crucifix, modern clothing, wristwatch, plastic, eyeglasses, power lines, vehicles, anachronistic architecture, extra fingers, deformed hands, cartoon, anime, neon, oversaturated, HDR halo, lens flare, headstone, engraved marker, inscription, cross",16:9,,Unmarked stones only — matches practice and avoids script.,,
44,16 Guardrail 2,15:40,40,"a large ornate house and a bare small dwelling in the same frame, the same light falling equally on both, cinematic still, anamorphic 35mm, shallow depth of field, warm low-angle desert light, airborne dust catching the sun, muted earth palette of ochre sand bone and oxidised brass with deep indigo shadow, soft natural film grain, high dynamic range, restrained painterly photographic realism, historically grounded 7th-century Hijaz, no text, no arabic script, no calligraphy, no lettering, no watermark","text, letters, arabic script, calligraphy, pseudo-arabic, numerals, signage, watermark, logo, human face, portrait, figure in foreground, prophet, religious figure, halo, glowing person, statue, idol, crucifix, modern clothing, wristwatch, plastic, eyeglasses, power lines, vehicles, anachronistic architecture, extra fingers, deformed hands, cartoon, anime, neon, oversaturated, HDR halo, lens flare",16:9,,,,
45,18 The turn,18:00,50,"a vast starfield over a black desert horizon, no foreground, immense scale, cinematic still, anamorphic 35mm, shallow depth of field, warm low-angle desert light, airborne dust catching the sun, muted earth palette of ochre sand bone and oxidised brass with deep indigo shadow, soft natural film grain, high dynamic range, restrained painterly photographic realism, historically grounded 7th-century Hijaz, no text, no arabic script, no calligraphy, no lettering, no watermark","text, letters, arabic script, calligraphy, pseudo-arabic, numerals, signage, watermark, logo, human face, portrait, figure in foreground, prophet, religious figure, halo, glowing person, statue, idol, crucifix, modern clothing, wristwatch, plastic, eyeglasses, power lines, vehicles, anachronistic architecture, extra fingers, deformed hands, cartoon, anime, neon, oversaturated, HDR halo, lens flare, milky way oversaturation, purple nebula, sci-fi",16:9,,Hold long. This is the peak.,,
46,19 The record,19:40,40,"extreme macro of an ancient papyrus fragment's fibre texture, torn edge, completely blank surface with no script whatsoever, raking light, cinematic still, anamorphic 35mm, shallow depth of field, warm low-angle desert light, airborne dust catching the sun, muted earth palette of ochre sand bone and oxidised brass with deep indigo shadow, soft natural film grain, high dynamic range, restrained painterly photographic realism, historically grounded 7th-century Hijaz, no text, no arabic script, no calligraphy, no lettering, no watermark","text, letters, arabic script, calligraphy, pseudo-arabic, numerals, signage, watermark, logo, human face, portrait, figure in foreground, prophet, religious figure, halo, glowing person, statue, idol, crucifix, modern clothing, wristwatch, plastic, eyeglasses, power lines, vehicles, anachronistic architecture, extra fingers, deformed hands, cartoon, anime, neon, oversaturated, HDR halo, lens flare, script, writing, ink, arabic script, greek script, any marks",16:9,papyrus,"HIGH RISK. If script persists, generate blank and composite.",,
47,21 Artifact,22:00,50,"museum still life, a small torn papyrus fragment on a neutral grey mount under soft even light, frayed edges, completely blank surface with no script whatsoever, shallow depth of field, cinematic still, anamorphic 35mm, shallow depth of field, warm low-angle desert light, airborne dust catching the sun, muted earth palette of ochre sand bone and oxidised brass with deep indigo shadow, soft natural film grain, high dynamic range, restrained painterly photographic realism, historically grounded 7th-century Hijaz, no text, no arabic script, no calligraphy, no lettering, no watermark","text, letters, arabic script, calligraphy, pseudo-arabic, numerals, signage, watermark, logo, human face, portrait, figure in foreground, prophet, religious figure, halo, glowing person, statue, idol, crucifix, modern clothing, wristwatch, plastic, eyeglasses, power lines, vehicles, anachronistic architecture, extra fingers, deformed hands, cartoon, anime, neon, oversaturated, HDR halo, lens flare, script, writing, ink, arabic script, greek script, any marks, museum label, placard",16:9,papyrus,HIGH RISK. Same as 46. Composite fallback.,,
48,23 Callback,25:30,50,"a wide gravel plain under a hazy white sky, a low bare granite mountain at the far edge, heat shimmer at dawn instead of harsh midday, completely empty, first light on the granite mountain, cinematic still, anamorphic 35mm, shallow depth of field, warm low-angle desert light, airborne dust catching the sun, muted earth palette of ochre sand bone and oxidised brass with deep indigo shadow, soft natural film grain, high dynamic range, restrained painterly photographic realism, historically grounded 7th-century Hijaz, no text, no arabic script, no calligraphy, no lettering, no watermark","text, letters, arabic script, calligraphy, pseudo-arabic, numerals, signage, watermark, logo, human face, portrait, figure in foreground, prophet, religious figure, halo, glowing person, statue, idol, crucifix, modern clothing, wristwatch, plastic, eyeglasses, power lines, vehicles, anachronistic architecture, extra fingers, deformed hands, cartoon, anime, neon, oversaturated, HDR halo, lens flare, crowd, tents, people",16:9,plain,Matched pair with 1 — SAME SEED. Callback fails otherwise.,,
